{"cameraMode":{"drawMode":0,"name":"Shaded","section":"Shading Mode"},"sceneLighting":false,"audioPlay":false,"sceneViewState":{"showFog":true,"showMaterialUpdate":false,"showSkybox":false,"showFlares":true,"showImageEffects":true,"showParticleSystems":true},"in2DMode":false,"pivot":{"x":9.5367431640625e-7,"y":0.8036624789237976,"z":-0.015426158905029297},"rotation":{"x":0.1704009473323822,"y":-0.755656898021698,"z":0.21672654151916505,"w":0.5941236615180969},"size":3.5325448513031008,"orthographic":false}